/data/llm-jp-corpus/v3.0.0/training_resharded/train/en//dolma-books_0000.jsonl,/data/llm-jp-corpus/v3.0.0/training_resharded_tokenize_ver2.2_code20K_en40K_ja60K.ver2.2/train/en/dolma-books_0000.jsonl_text_document,5430888964
/data/llm-jp-corpus/v3.0.0/training_resharded/train/en//dolma-c4_0000.jsonl,/data/llm-jp-corpus/v3.0.0/training_resharded_tokenize_ver2.2_code20K_en40K_ja60K.ver2.2/train/en/dolma-c4_0000.jsonl_text_document,17039419937
/data/llm-jp-corpus/v3.0.0/training_resharded/train/en//dolma-c4_0001.jsonl,/data/llm-jp-corpus/v3.0.0/training_resharded_tokenize_ver2.2_code20K_en40K_ja60K.ver2.2/train/en/dolma-c4_0001.jsonl_text_document,17038484023
/data/llm-jp-corpus/v3.0.0/training_resharded/train/en//dolma-c4_0002.jsonl,/data/llm-jp-corpus/v3.0.0/training_resharded_tokenize_ver2.2_code20K_en40K_ja60K.ver2.2/train/en/dolma-c4_0002.jsonl_text_document,17043451611
/data/llm-jp-corpus/v3.0.0/training_resharded/train/en//dolma-c4_0003.jsonl,/data/llm-jp-corpus/v3.0.0/training_resharded_tokenize_ver2.2_code20K_en40K_ja60K.ver2.2/train/en/dolma-c4_0003.jsonl_text_document,17044307492
/data/llm-jp-corpus/v3.0.0/training_resharded/train/en//dolma-c4_0004.jsonl,/data/llm-jp-corpus/v3.0.0/training_resharded_tokenize_ver2.2_code20K_en40K_ja60K.ver2.2/train/en/dolma-c4_0004.jsonl_text_document,17033940670
/data/llm-jp-corpus/v3.0.0/training_resharded/train/en//dolma-c4_0005.jsonl,/data/llm-jp-corpus/v3.0.0/training_resharded_tokenize_ver2.2_code20K_en40K_ja60K.ver2.2/train/en/dolma-c4_0005.jsonl_text_document,17031979996
/data/llm-jp-corpus/v3.0.0/training_resharded/train/en//dolma-c4_0006.jsonl,/data/llm-jp-corpus/v3.0.0/training_resharded_tokenize_ver2.2_code20K_en40K_ja60K.ver2.2/train/en/dolma-c4_0006.jsonl_text_document,17043742900
/data/llm-jp-corpus/v3.0.0/training_resharded/train/en//dolma-c4_0007.jsonl,/data/llm-jp-corpus/v3.0.0/training_resharded_tokenize_ver2.2_code20K_en40K_ja60K.ver2.2/train/en/dolma-c4_0007.jsonl_text_document,17036705857
/data/llm-jp-corpus/v3.0.0/training_resharded/train/en//dolma-c4_0008.jsonl,/data/llm-jp-corpus/v3.0.0/training_resharded_tokenize_ver2.2_code20K_en40K_ja60K.ver2.2/train/en/dolma-c4_0008.jsonl_text_document,17038383046
/data/llm-jp-corpus/v3.0.0/training_resharded/train/en//dolma-c4_0009.jsonl,/data/llm-jp-corpus/v3.0.0/training_resharded_tokenize_ver2.2_code20K_en40K_ja60K.ver2.2/train/en/dolma-c4_0009.jsonl_text_document,14920518572
/data/llm-jp-corpus/v3.0.0/training_resharded/train/en//dolma-c4_0010.jsonl,/data/llm-jp-corpus/v3.0.0/training_resharded_tokenize_ver2.2_code20K_en40K_ja60K.ver2.2/train/en/dolma-c4_0010.jsonl_text_document,13132407175
/data/llm-jp-corpus/v3.0.0/training_resharded/train/en//dolma-cc-head_0000.jsonl,/data/llm-jp-corpus/v3.0.0/training_resharded_tokenize_ver2.2_code20K_en40K_ja60K.ver2.2/train/en/dolma-cc-head_0000.jsonl_text_document,15355077930
/data/llm-jp-corpus/v3.0.0/training_resharded/train/en//dolma-cc-head_0001.jsonl,/data/llm-jp-corpus/v3.0.0/training_resharded_tokenize_ver2.2_code20K_en40K_ja60K.ver2.2/train/en/dolma-cc-head_0001.jsonl_text_document,15648608817
/data/llm-jp-corpus/v3.0.0/training_resharded/train/en//dolma-cc-head_0002.jsonl,/data/llm-jp-corpus/v3.0.0/training_resharded_tokenize_ver2.2_code20K_en40K_ja60K.ver2.2/train/en/dolma-cc-head_0002.jsonl_text_document,16540772293
/data/llm-jp-corpus/v3.0.0/training_resharded/train/en//dolma-cc-head_0003.jsonl,/data/llm-jp-corpus/v3.0.0/training_resharded_tokenize_ver2.2_code20K_en40K_ja60K.ver2.2/train/en/dolma-cc-head_0003.jsonl_text_document,16742353707
/data/llm-jp-corpus/v3.0.0/training_resharded/train/en//dolma-cc-head_0004.jsonl,/data/llm-jp-corpus/v3.0.0/training_resharded_tokenize_ver2.2_code20K_en40K_ja60K.ver2.2/train/en/dolma-cc-head_0004.jsonl_text_document,17078189081
/data/llm-jp-corpus/v3.0.0/training_resharded/train/en//dolma-cc-head_0005.jsonl,/data/llm-jp-corpus/v3.0.0/training_resharded_tokenize_ver2.2_code20K_en40K_ja60K.ver2.2/train/en/dolma-cc-head_0005.jsonl_text_document,16238037991
/data/llm-jp-corpus/v3.0.0/training_resharded/train/en//dolma-cc-head_0006.jsonl,/data/llm-jp-corpus/v3.0.0/training_resharded_tokenize_ver2.2_code20K_en40K_ja60K.ver2.2/train/en/dolma-cc-head_0006.jsonl_text_document,15179008223
/data/llm-jp-corpus/v3.0.0/training_resharded/train/en//dolma-cc-head_0007.jsonl,/data/llm-jp-corpus/v3.0.0/training_resharded_tokenize_ver2.2_code20K_en40K_ja60K.ver2.2/train/en/dolma-cc-head_0007.jsonl_text_document,15641393153
/data/llm-jp-corpus/v3.0.0/training_resharded/train/en//dolma-cc-head_0008.jsonl,/data/llm-jp-corpus/v3.0.0/training_resharded_tokenize_ver2.2_code20K_en40K_ja60K.ver2.2/train/en/dolma-cc-head_0008.jsonl_text_document,13391302659
/data/llm-jp-corpus/v3.0.0/training_resharded/train/en//dolma-cc-head_0009.jsonl,/data/llm-jp-corpus/v3.0.0/training_resharded_tokenize_ver2.2_code20K_en40K_ja60K.ver2.2/train/en/dolma-cc-head_0009.jsonl_text_document,12476498502
/data/llm-jp-corpus/v3.0.0/training_resharded/train/en//dolma-cc-head_0010.jsonl,/data/llm-jp-corpus/v3.0.0/training_resharded_tokenize_ver2.2_code20K_en40K_ja60K.ver2.2/train/en/dolma-cc-head_0010.jsonl_text_document,14110114125
/data/llm-jp-corpus/v3.0.0/training_resharded/train/en//dolma-cc-head_0011.jsonl,/data/llm-jp-corpus/v3.0.0/training_resharded_tokenize_ver2.2_code20K_en40K_ja60K.ver2.2/train/en/dolma-cc-head_0011.jsonl_text_document,18333186442
/data/llm-jp-corpus/v3.0.0/training_resharded/train/en//dolma-cc-head_0012.jsonl,/data/llm-jp-corpus/v3.0.0/training_resharded_tokenize_ver2.2_code20K_en40K_ja60K.ver2.2/train/en/dolma-cc-head_0012.jsonl_text_document,18246653235
/data/llm-jp-corpus/v3.0.0/training_resharded/train/en//dolma-cc-head_0013.jsonl,/data/llm-jp-corpus/v3.0.0/training_resharded_tokenize_ver2.2_code20K_en40K_ja60K.ver2.2/train/en/dolma-cc-head_0013.jsonl_text_document,16179594492
/data/llm-jp-corpus/v3.0.0/training_resharded/train/en//dolma-cc-head_0014.jsonl,/data/llm-jp-corpus/v3.0.0/training_resharded_tokenize_ver2.2_code20K_en40K_ja60K.ver2.2/train/en/dolma-cc-head_0014.jsonl_text_document,15118454347
/data/llm-jp-corpus/v3.0.0/training_resharded/train/en//dolma-cc-head_0015.jsonl,/data/llm-jp-corpus/v3.0.0/training_resharded_tokenize_ver2.2_code20K_en40K_ja60K.ver2.2/train/en/dolma-cc-head_0015.jsonl_text_document,15508677643
/data/llm-jp-corpus/v3.0.0/training_resharded/train/en//dolma-cc-head_0016.jsonl,/data/llm-jp-corpus/v3.0.0/training_resharded_tokenize_ver2.2_code20K_en40K_ja60K.ver2.2/train/en/dolma-cc-head_0016.jsonl_text_document,16267446129
/data/llm-jp-corpus/v3.0.0/training_resharded/train/en//dolma-cc-head_0017.jsonl,/data/llm-jp-corpus/v3.0.0/training_resharded_tokenize_ver2.2_code20K_en40K_ja60K.ver2.2/train/en/dolma-cc-head_0017.jsonl_text_document,19471098788
/data/llm-jp-corpus/v3.0.0/training_resharded/train/en//dolma-cc-head_0018.jsonl,/data/llm-jp-corpus/v3.0.0/training_resharded_tokenize_ver2.2_code20K_en40K_ja60K.ver2.2/train/en/dolma-cc-head_0018.jsonl_text_document,17706006600
/data/llm-jp-corpus/v3.0.0/training_resharded/train/en//dolma-cc-head_0019.jsonl,/data/llm-jp-corpus/v3.0.0/training_resharded_tokenize_ver2.2_code20K_en40K_ja60K.ver2.2/train/en/dolma-cc-head_0019.jsonl_text_document,17879931226
/data/llm-jp-corpus/v3.0.0/training_resharded/train/en//dolma-cc-head_0020.jsonl,/data/llm-jp-corpus/v3.0.0/training_resharded_tokenize_ver2.2_code20K_en40K_ja60K.ver2.2/train/en/dolma-cc-head_0020.jsonl_text_document,19052000015
/data/llm-jp-corpus/v3.0.0/training_resharded/train/en//dolma-cc-head_0021.jsonl,/data/llm-jp-corpus/v3.0.0/training_resharded_tokenize_ver2.2_code20K_en40K_ja60K.ver2.2/train/en/dolma-cc-head_0021.jsonl_text_document,16748132577
/data/llm-jp-corpus/v3.0.0/training_resharded/train/en//dolma-cc-head_0022.jsonl,/data/llm-jp-corpus/v3.0.0/training_resharded_tokenize_ver2.2_code20K_en40K_ja60K.ver2.2/train/en/dolma-cc-head_0022.jsonl_text_document,15536077127
/data/llm-jp-corpus/v3.0.0/training_resharded/train/en//dolma-cc-head_0023.jsonl,/data/llm-jp-corpus/v3.0.0/training_resharded_tokenize_ver2.2_code20K_en40K_ja60K.ver2.2/train/en/dolma-cc-head_0023.jsonl_text_document,14920129555
/data/llm-jp-corpus/v3.0.0/training_resharded/train/en//dolma-cc-head_0024.jsonl,/data/llm-jp-corpus/v3.0.0/training_resharded_tokenize_ver2.2_code20K_en40K_ja60K.ver2.2/train/en/dolma-cc-head_0024.jsonl_text_document,19889169429
/data/llm-jp-corpus/v3.0.0/training_resharded/train/en//dolma-cc-head_0025.jsonl,/data/llm-jp-corpus/v3.0.0/training_resharded_tokenize_ver2.2_code20K_en40K_ja60K.ver2.2/train/en/dolma-cc-head_0025.jsonl_text_document,19164538620
/data/llm-jp-corpus/v3.0.0/training_resharded/train/en//dolma-cc-head_0026.jsonl,/data/llm-jp-corpus/v3.0.0/training_resharded_tokenize_ver2.2_code20K_en40K_ja60K.ver2.2/train/en/dolma-cc-head_0026.jsonl_text_document,17703821720
/data/llm-jp-corpus/v3.0.0/training_resharded/train/en//dolma-cc-head_0027.jsonl,/data/llm-jp-corpus/v3.0.0/training_resharded_tokenize_ver2.2_code20K_en40K_ja60K.ver2.2/train/en/dolma-cc-head_0027.jsonl_text_document,18566514714
/data/llm-jp-corpus/v3.0.0/training_resharded/train/en//dolma-cc-head_0028.jsonl,/data/llm-jp-corpus/v3.0.0/training_resharded_tokenize_ver2.2_code20K_en40K_ja60K.ver2.2/train/en/dolma-cc-head_0028.jsonl_text_document,18318859672
/data/llm-jp-corpus/v3.0.0/training_resharded/train/en//dolma-cc-head_0029.jsonl,/data/llm-jp-corpus/v3.0.0/training_resharded_tokenize_ver2.2_code20K_en40K_ja60K.ver2.2/train/en/dolma-cc-head_0029.jsonl_text_document,19032096408
/data/llm-jp-corpus/v3.0.0/training_resharded/train/en//dolma-cc-head_0030.jsonl,/data/llm-jp-corpus/v3.0.0/training_resharded_tokenize_ver2.2_code20K_en40K_ja60K.ver2.2/train/en/dolma-cc-head_0030.jsonl_text_document,19449972004
/data/llm-jp-corpus/v3.0.0/training_resharded/train/en//dolma-cc-head_0031.jsonl,/data/llm-jp-corpus/v3.0.0/training_resharded_tokenize_ver2.2_code20K_en40K_ja60K.ver2.2/train/en/dolma-cc-head_0031.jsonl_text_document,15361989783
/data/llm-jp-corpus/v3.0.0/training_resharded/train/en//dolma-cc-head_0032.jsonl,/data/llm-jp-corpus/v3.0.0/training_resharded_tokenize_ver2.2_code20K_en40K_ja60K.ver2.2/train/en/dolma-cc-head_0032.jsonl_text_document,16842288871
/data/llm-jp-corpus/v3.0.0/training_resharded/train/en//dolma-cc-head_0033.jsonl,/data/llm-jp-corpus/v3.0.0/training_resharded_tokenize_ver2.2_code20K_en40K_ja60K.ver2.2/train/en/dolma-cc-head_0033.jsonl_text_document,16616376116
/data/llm-jp-corpus/v3.0.0/training_resharded/train/en//dolma-cc-head_0034.jsonl,/data/llm-jp-corpus/v3.0.0/training_resharded_tokenize_ver2.2_code20K_en40K_ja60K.ver2.2/train/en/dolma-cc-head_0034.jsonl_text_document,16247498404
/data/llm-jp-corpus/v3.0.0/training_resharded/train/en//dolma-cc-head_0035.jsonl,/data/llm-jp-corpus/v3.0.0/training_resharded_tokenize_ver2.2_code20K_en40K_ja60K.ver2.2/train/en/dolma-cc-head_0035.jsonl_text_document,18186659029
/data/llm-jp-corpus/v3.0.0/training_resharded/train/en//dolma-pes2o_0000.jsonl,/data/llm-jp-corpus/v3.0.0/training_resharded_tokenize_ver2.2_code20K_en40K_ja60K.ver2.2/train/en/dolma-pes2o_0000.jsonl_text_document,7658304269
/data/llm-jp-corpus/v3.0.0/training_resharded/train/en//dolma-pes2o_0001.jsonl,/data/llm-jp-corpus/v3.0.0/training_resharded_tokenize_ver2.2_code20K_en40K_ja60K.ver2.2/train/en/dolma-pes2o_0001.jsonl_text_document,19938548235
/data/llm-jp-corpus/v3.0.0/training_resharded/train/en//dolma-pes2o_0002.jsonl,/data/llm-jp-corpus/v3.0.0/training_resharded_tokenize_ver2.2_code20K_en40K_ja60K.ver2.2/train/en/dolma-pes2o_0002.jsonl_text_document,18434984047
/data/llm-jp-corpus/v3.0.0/training_resharded/train/en//dolma-pes2o_0003.jsonl,/data/llm-jp-corpus/v3.0.0/training_resharded_tokenize_ver2.2_code20K_en40K_ja60K.ver2.2/train/en/dolma-pes2o_0003.jsonl_text_document,15796462317
/data/llm-jp-corpus/v3.0.0/training_resharded/train/en//dolma-reddit_0000.jsonl,/data/llm-jp-corpus/v3.0.0/training_resharded_tokenize_ver2.2_code20K_en40K_ja60K.ver2.2/train/en/dolma-reddit_0000.jsonl_text_document,17578949411
/data/llm-jp-corpus/v3.0.0/training_resharded/train/en//dolma-reddit_0001.jsonl,/data/llm-jp-corpus/v3.0.0/training_resharded_tokenize_ver2.2_code20K_en40K_ja60K.ver2.2/train/en/dolma-reddit_0001.jsonl_text_document,17482085708
/data/llm-jp-corpus/v3.0.0/training_resharded/train/en//dolma-reddit_0002.jsonl,/data/llm-jp-corpus/v3.0.0/training_resharded_tokenize_ver2.2_code20K_en40K_ja60K.ver2.2/train/en/dolma-reddit_0002.jsonl_text_document,17259122761
/data/llm-jp-corpus/v3.0.0/training_resharded/train/en//dolma-reddit_0003.jsonl,/data/llm-jp-corpus/v3.0.0/training_resharded_tokenize_ver2.2_code20K_en40K_ja60K.ver2.2/train/en/dolma-reddit_0003.jsonl_text_document,15958589832
/data/llm-jp-corpus/v3.0.0/training_resharded/train/en//dolma-reddit_0004.jsonl,/data/llm-jp-corpus/v3.0.0/training_resharded_tokenize_ver2.2_code20K_en40K_ja60K.ver2.2/train/en/dolma-reddit_0004.jsonl_text_document,15630836036
/data/llm-jp-corpus/v3.0.0/training_resharded/train/en//dolma-wiki_0000.jsonl,/data/llm-jp-corpus/v3.0.0/training_resharded_tokenize_ver2.2_code20K_en40K_ja60K.ver2.2/train/en/dolma-wiki_0000.jsonl_text_document,3909303063
/data/llm-jp-corpus/v3.0.0/training_resharded/train/en//wiki_0000.jsonl,/data/llm-jp-corpus/v3.0.0/training_resharded_tokenize_ver2.2_code20K_en40K_ja60K.ver2.2/train/en/wiki_0000.jsonl_text_document,4799264925
