/data/llm-jp-corpus/v3.0.0/training_resharded/train/en//dolma-books_0000.jsonl,/data/llm-jp-corpus/v3.0.0/training_resharded_tokenize_ver3.0/train/en/dolma-books_0000.jsonl_text_document,5494262694
/data/llm-jp-corpus/v3.0.0/training_resharded/train/en//dolma-c4_0000.jsonl,/data/llm-jp-corpus/v3.0.0/training_resharded_tokenize_ver3.0/train/en/dolma-c4_0000.jsonl_text_document,17052861266
/data/llm-jp-corpus/v3.0.0/training_resharded/train/en//dolma-c4_0001.jsonl,/data/llm-jp-corpus/v3.0.0/training_resharded_tokenize_ver3.0/train/en/dolma-c4_0001.jsonl_text_document,17051260422
/data/llm-jp-corpus/v3.0.0/training_resharded/train/en//dolma-c4_0002.jsonl,/data/llm-jp-corpus/v3.0.0/training_resharded_tokenize_ver3.0/train/en/dolma-c4_0002.jsonl_text_document,17056648148
/data/llm-jp-corpus/v3.0.0/training_resharded/train/en//dolma-c4_0003.jsonl,/data/llm-jp-corpus/v3.0.0/training_resharded_tokenize_ver3.0/train/en/dolma-c4_0003.jsonl_text_document,17057773049
/data/llm-jp-corpus/v3.0.0/training_resharded/train/en//dolma-c4_0004.jsonl,/data/llm-jp-corpus/v3.0.0/training_resharded_tokenize_ver3.0/train/en/dolma-c4_0004.jsonl_text_document,17047888113
/data/llm-jp-corpus/v3.0.0/training_resharded/train/en//dolma-c4_0005.jsonl,/data/llm-jp-corpus/v3.0.0/training_resharded_tokenize_ver3.0/train/en/dolma-c4_0005.jsonl_text_document,17046511755
/data/llm-jp-corpus/v3.0.0/training_resharded/train/en//dolma-c4_0006.jsonl,/data/llm-jp-corpus/v3.0.0/training_resharded_tokenize_ver3.0/train/en/dolma-c4_0006.jsonl_text_document,17058086815
/data/llm-jp-corpus/v3.0.0/training_resharded/train/en//dolma-c4_0007.jsonl,/data/llm-jp-corpus/v3.0.0/training_resharded_tokenize_ver3.0/train/en/dolma-c4_0007.jsonl_text_document,17049490900
/data/llm-jp-corpus/v3.0.0/training_resharded/train/en//dolma-c4_0008.jsonl,/data/llm-jp-corpus/v3.0.0/training_resharded_tokenize_ver3.0/train/en/dolma-c4_0008.jsonl_text_document,17051009552
/data/llm-jp-corpus/v3.0.0/training_resharded/train/en//dolma-c4_0009.jsonl,/data/llm-jp-corpus/v3.0.0/training_resharded_tokenize_ver3.0/train/en/dolma-c4_0009.jsonl_text_document,14932405246
/data/llm-jp-corpus/v3.0.0/training_resharded/train/en//dolma-c4_0010.jsonl,/data/llm-jp-corpus/v3.0.0/training_resharded_tokenize_ver3.0/train/en/dolma-c4_0010.jsonl_text_document,13142696712
/data/llm-jp-corpus/v3.0.0/training_resharded/train/en//dolma-cc-head_0000.jsonl,/data/llm-jp-corpus/v3.0.0/training_resharded_tokenize_ver3.0/train/en/dolma-cc-head_0000.jsonl_text_document,15473522696
/data/llm-jp-corpus/v3.0.0/training_resharded/train/en//dolma-cc-head_0001.jsonl,/data/llm-jp-corpus/v3.0.0/training_resharded_tokenize_ver3.0/train/en/dolma-cc-head_0001.jsonl_text_document,15767913273
/data/llm-jp-corpus/v3.0.0/training_resharded/train/en//dolma-cc-head_0002.jsonl,/data/llm-jp-corpus/v3.0.0/training_resharded_tokenize_ver3.0/train/en/dolma-cc-head_0002.jsonl_text_document,16664785078
/data/llm-jp-corpus/v3.0.0/training_resharded/train/en//dolma-cc-head_0003.jsonl,/data/llm-jp-corpus/v3.0.0/training_resharded_tokenize_ver3.0/train/en/dolma-cc-head_0003.jsonl_text_document,16860035920
/data/llm-jp-corpus/v3.0.0/training_resharded/train/en//dolma-cc-head_0004.jsonl,/data/llm-jp-corpus/v3.0.0/training_resharded_tokenize_ver3.0/train/en/dolma-cc-head_0004.jsonl_text_document,17197613512
/data/llm-jp-corpus/v3.0.0/training_resharded/train/en//dolma-cc-head_0005.jsonl,/data/llm-jp-corpus/v3.0.0/training_resharded_tokenize_ver3.0/train/en/dolma-cc-head_0005.jsonl_text_document,16363353173
/data/llm-jp-corpus/v3.0.0/training_resharded/train/en//dolma-cc-head_0006.jsonl,/data/llm-jp-corpus/v3.0.0/training_resharded_tokenize_ver3.0/train/en/dolma-cc-head_0006.jsonl_text_document,15303692924
/data/llm-jp-corpus/v3.0.0/training_resharded/train/en//dolma-cc-head_0007.jsonl,/data/llm-jp-corpus/v3.0.0/training_resharded_tokenize_ver3.0/train/en/dolma-cc-head_0007.jsonl_text_document,15766283829
/data/llm-jp-corpus/v3.0.0/training_resharded/train/en//dolma-cc-head_0008.jsonl,/data/llm-jp-corpus/v3.0.0/training_resharded_tokenize_ver3.0/train/en/dolma-cc-head_0008.jsonl_text_document,13483997219
/data/llm-jp-corpus/v3.0.0/training_resharded/train/en//dolma-cc-head_0009.jsonl,/data/llm-jp-corpus/v3.0.0/training_resharded_tokenize_ver3.0/train/en/dolma-cc-head_0009.jsonl_text_document,12561851173
/data/llm-jp-corpus/v3.0.0/training_resharded/train/en//dolma-cc-head_0010.jsonl,/data/llm-jp-corpus/v3.0.0/training_resharded_tokenize_ver3.0/train/en/dolma-cc-head_0010.jsonl_text_document,14206017429
/data/llm-jp-corpus/v3.0.0/training_resharded/train/en//dolma-cc-head_0011.jsonl,/data/llm-jp-corpus/v3.0.0/training_resharded_tokenize_ver3.0/train/en/dolma-cc-head_0011.jsonl_text_document,18455249471
/data/llm-jp-corpus/v3.0.0/training_resharded/train/en//dolma-cc-head_0012.jsonl,/data/llm-jp-corpus/v3.0.0/training_resharded_tokenize_ver3.0/train/en/dolma-cc-head_0012.jsonl_text_document,18359243399
/data/llm-jp-corpus/v3.0.0/training_resharded/train/en//dolma-cc-head_0013.jsonl,/data/llm-jp-corpus/v3.0.0/training_resharded_tokenize_ver3.0/train/en/dolma-cc-head_0013.jsonl_text_document,16268609444
/data/llm-jp-corpus/v3.0.0/training_resharded/train/en//dolma-cc-head_0014.jsonl,/data/llm-jp-corpus/v3.0.0/training_resharded_tokenize_ver3.0/train/en/dolma-cc-head_0014.jsonl_text_document,15209913539
/data/llm-jp-corpus/v3.0.0/training_resharded/train/en//dolma-cc-head_0015.jsonl,/data/llm-jp-corpus/v3.0.0/training_resharded_tokenize_ver3.0/train/en/dolma-cc-head_0015.jsonl_text_document,15601099503
/data/llm-jp-corpus/v3.0.0/training_resharded/train/en//dolma-cc-head_0016.jsonl,/data/llm-jp-corpus/v3.0.0/training_resharded_tokenize_ver3.0/train/en/dolma-cc-head_0016.jsonl_text_document,16354139164
/data/llm-jp-corpus/v3.0.0/training_resharded/train/en//dolma-cc-head_0017.jsonl,/data/llm-jp-corpus/v3.0.0/training_resharded_tokenize_ver3.0/train/en/dolma-cc-head_0017.jsonl_text_document,19563123039
/data/llm-jp-corpus/v3.0.0/training_resharded/train/en//dolma-cc-head_0018.jsonl,/data/llm-jp-corpus/v3.0.0/training_resharded_tokenize_ver3.0/train/en/dolma-cc-head_0018.jsonl_text_document,17794386584
/data/llm-jp-corpus/v3.0.0/training_resharded/train/en//dolma-cc-head_0019.jsonl,/data/llm-jp-corpus/v3.0.0/training_resharded_tokenize_ver3.0/train/en/dolma-cc-head_0019.jsonl_text_document,17974377563
/data/llm-jp-corpus/v3.0.0/training_resharded/train/en//dolma-cc-head_0020.jsonl,/data/llm-jp-corpus/v3.0.0/training_resharded_tokenize_ver3.0/train/en/dolma-cc-head_0020.jsonl_text_document,19152181306
/data/llm-jp-corpus/v3.0.0/training_resharded/train/en//dolma-cc-head_0021.jsonl,/data/llm-jp-corpus/v3.0.0/training_resharded_tokenize_ver3.0/train/en/dolma-cc-head_0021.jsonl_text_document,16841018460
/data/llm-jp-corpus/v3.0.0/training_resharded/train/en//dolma-cc-head_0022.jsonl,/data/llm-jp-corpus/v3.0.0/training_resharded_tokenize_ver3.0/train/en/dolma-cc-head_0022.jsonl_text_document,15622566364
/data/llm-jp-corpus/v3.0.0/training_resharded/train/en//dolma-cc-head_0023.jsonl,/data/llm-jp-corpus/v3.0.0/training_resharded_tokenize_ver3.0/train/en/dolma-cc-head_0023.jsonl_text_document,14998264524
/data/llm-jp-corpus/v3.0.0/training_resharded/train/en//dolma-cc-head_0024.jsonl,/data/llm-jp-corpus/v3.0.0/training_resharded_tokenize_ver3.0/train/en/dolma-cc-head_0024.jsonl_text_document,19994706100
/data/llm-jp-corpus/v3.0.0/training_resharded/train/en//dolma-cc-head_0025.jsonl,/data/llm-jp-corpus/v3.0.0/training_resharded_tokenize_ver3.0/train/en/dolma-cc-head_0025.jsonl_text_document,19266785326
/data/llm-jp-corpus/v3.0.0/training_resharded/train/en//dolma-cc-head_0026.jsonl,/data/llm-jp-corpus/v3.0.0/training_resharded_tokenize_ver3.0/train/en/dolma-cc-head_0026.jsonl_text_document,17797970694
/data/llm-jp-corpus/v3.0.0/training_resharded/train/en//dolma-cc-head_0027.jsonl,/data/llm-jp-corpus/v3.0.0/training_resharded_tokenize_ver3.0/train/en/dolma-cc-head_0027.jsonl_text_document,18662607705
/data/llm-jp-corpus/v3.0.0/training_resharded/train/en//dolma-cc-head_0028.jsonl,/data/llm-jp-corpus/v3.0.0/training_resharded_tokenize_ver3.0/train/en/dolma-cc-head_0028.jsonl_text_document,18428148263
/data/llm-jp-corpus/v3.0.0/training_resharded/train/en//dolma-cc-head_0029.jsonl,/data/llm-jp-corpus/v3.0.0/training_resharded_tokenize_ver3.0/train/en/dolma-cc-head_0029.jsonl_text_document,19152709797
/data/llm-jp-corpus/v3.0.0/training_resharded/train/en//dolma-cc-head_0030.jsonl,/data/llm-jp-corpus/v3.0.0/training_resharded_tokenize_ver3.0/train/en/dolma-cc-head_0030.jsonl_text_document,19567672702
/data/llm-jp-corpus/v3.0.0/training_resharded/train/en//dolma-cc-head_0031.jsonl,/data/llm-jp-corpus/v3.0.0/training_resharded_tokenize_ver3.0/train/en/dolma-cc-head_0031.jsonl_text_document,15453203385
/data/llm-jp-corpus/v3.0.0/training_resharded/train/en//dolma-cc-head_0032.jsonl,/data/llm-jp-corpus/v3.0.0/training_resharded_tokenize_ver3.0/train/en/dolma-cc-head_0032.jsonl_text_document,16946844380
/data/llm-jp-corpus/v3.0.0/training_resharded/train/en//dolma-cc-head_0033.jsonl,/data/llm-jp-corpus/v3.0.0/training_resharded_tokenize_ver3.0/train/en/dolma-cc-head_0033.jsonl_text_document,16719501611
/data/llm-jp-corpus/v3.0.0/training_resharded/train/en//dolma-cc-head_0034.jsonl,/data/llm-jp-corpus/v3.0.0/training_resharded_tokenize_ver3.0/train/en/dolma-cc-head_0034.jsonl_text_document,16348054343
/data/llm-jp-corpus/v3.0.0/training_resharded/train/en//dolma-cc-head_0035.jsonl,/data/llm-jp-corpus/v3.0.0/training_resharded_tokenize_ver3.0/train/en/dolma-cc-head_0035.jsonl_text_document,18292316049
/data/llm-jp-corpus/v3.0.0/training_resharded/train/en//dolma-pes2o_0000.jsonl,/data/llm-jp-corpus/v3.0.0/training_resharded_tokenize_ver3.0/train/en/dolma-pes2o_0000.jsonl_text_document,8089227423
/data/llm-jp-corpus/v3.0.0/training_resharded/train/en//dolma-pes2o_0001.jsonl,/data/llm-jp-corpus/v3.0.0/training_resharded_tokenize_ver3.0/train/en/dolma-pes2o_0001.jsonl_text_document,20185217235
/data/llm-jp-corpus/v3.0.0/training_resharded/train/en//dolma-pes2o_0002.jsonl,/data/llm-jp-corpus/v3.0.0/training_resharded_tokenize_ver3.0/train/en/dolma-pes2o_0002.jsonl_text_document,18622836173
/data/llm-jp-corpus/v3.0.0/training_resharded/train/en//dolma-pes2o_0003.jsonl,/data/llm-jp-corpus/v3.0.0/training_resharded_tokenize_ver3.0/train/en/dolma-pes2o_0003.jsonl_text_document,15956491971
/data/llm-jp-corpus/v3.0.0/training_resharded/train/en//dolma-reddit_0000.jsonl,/data/llm-jp-corpus/v3.0.0/training_resharded_tokenize_ver3.0/train/en/dolma-reddit_0000.jsonl_text_document,17412289508
/data/llm-jp-corpus/v3.0.0/training_resharded/train/en//dolma-reddit_0001.jsonl,/data/llm-jp-corpus/v3.0.0/training_resharded_tokenize_ver3.0/train/en/dolma-reddit_0001.jsonl_text_document,17315996345
/data/llm-jp-corpus/v3.0.0/training_resharded/train/en//dolma-reddit_0002.jsonl,/data/llm-jp-corpus/v3.0.0/training_resharded_tokenize_ver3.0/train/en/dolma-reddit_0002.jsonl_text_document,17095921975
/data/llm-jp-corpus/v3.0.0/training_resharded/train/en//dolma-reddit_0003.jsonl,/data/llm-jp-corpus/v3.0.0/training_resharded_tokenize_ver3.0/train/en/dolma-reddit_0003.jsonl_text_document,15808400388
/data/llm-jp-corpus/v3.0.0/training_resharded/train/en//dolma-reddit_0004.jsonl,/data/llm-jp-corpus/v3.0.0/training_resharded_tokenize_ver3.0/train/en/dolma-reddit_0004.jsonl_text_document,15425532535
/data/llm-jp-corpus/v3.0.0/training_resharded/train/en//dolma-wiki_0000.jsonl,/data/llm-jp-corpus/v3.0.0/training_resharded_tokenize_ver3.0/train/en/dolma-wiki_0000.jsonl_text_document,3896965449
/data/llm-jp-corpus/v3.0.0/training_resharded/train/en//wiki_0000.jsonl,/data/llm-jp-corpus/v3.0.0/training_resharded_tokenize_ver3.0/train/en/wiki_0000.jsonl_text_document,4744259830
