/data/llm-jp-corpus/v3.0.0/training_resharded/train/en//dolma-books_0000.jsonl,/data/llm-jp-corpus/v3.0.0/training_resharded_tokenize_ver2.2_code20K_en40K_ja60K.ver2.2_SentencePieceTokenizer/train/en/dolma-books_0000.jsonl_text_document,5430833323
/data/llm-jp-corpus/v3.0.0/training_resharded/train/en//dolma-c4_0000.jsonl,/data/llm-jp-corpus/v3.0.0/training_resharded_tokenize_ver2.2_code20K_en40K_ja60K.ver2.2_SentencePieceTokenizer/train/en/dolma-c4_0000.jsonl_text_document,17005213436
/data/llm-jp-corpus/v3.0.0/training_resharded/train/en//dolma-c4_0001.jsonl,/data/llm-jp-corpus/v3.0.0/training_resharded_tokenize_ver2.2_code20K_en40K_ja60K.ver2.2_SentencePieceTokenizer/train/en/dolma-c4_0001.jsonl_text_document,17004277619
/data/llm-jp-corpus/v3.0.0/training_resharded/train/en//dolma-c4_0002.jsonl,/data/llm-jp-corpus/v3.0.0/training_resharded_tokenize_ver2.2_code20K_en40K_ja60K.ver2.2_SentencePieceTokenizer/train/en/dolma-c4_0002.jsonl_text_document,17009245042
/data/llm-jp-corpus/v3.0.0/training_resharded/train/en//dolma-c4_0003.jsonl,/data/llm-jp-corpus/v3.0.0/training_resharded_tokenize_ver2.2_code20K_en40K_ja60K.ver2.2_SentencePieceTokenizer/train/en/dolma-c4_0003.jsonl_text_document,17010101142
/data/llm-jp-corpus/v3.0.0/training_resharded/train/en//dolma-c4_0004.jsonl,/data/llm-jp-corpus/v3.0.0/training_resharded_tokenize_ver2.2_code20K_en40K_ja60K.ver2.2_SentencePieceTokenizer/train/en/dolma-c4_0004.jsonl_text_document,16999734268
/data/llm-jp-corpus/v3.0.0/training_resharded/train/en//dolma-c4_0005.jsonl,/data/llm-jp-corpus/v3.0.0/training_resharded_tokenize_ver2.2_code20K_en40K_ja60K.ver2.2_SentencePieceTokenizer/train/en/dolma-c4_0005.jsonl_text_document,16997773627
/data/llm-jp-corpus/v3.0.0/training_resharded/train/en//dolma-c4_0006.jsonl,/data/llm-jp-corpus/v3.0.0/training_resharded_tokenize_ver2.2_code20K_en40K_ja60K.ver2.2_SentencePieceTokenizer/train/en/dolma-c4_0006.jsonl_text_document,17009536539
/data/llm-jp-corpus/v3.0.0/training_resharded/train/en//dolma-c4_0007.jsonl,/data/llm-jp-corpus/v3.0.0/training_resharded_tokenize_ver2.2_code20K_en40K_ja60K.ver2.2_SentencePieceTokenizer/train/en/dolma-c4_0007.jsonl_text_document,17002499496
/data/llm-jp-corpus/v3.0.0/training_resharded/train/en//dolma-c4_0008.jsonl,/data/llm-jp-corpus/v3.0.0/training_resharded_tokenize_ver2.2_code20K_en40K_ja60K.ver2.2_SentencePieceTokenizer/train/en/dolma-c4_0008.jsonl_text_document,17004176500
/data/llm-jp-corpus/v3.0.0/training_resharded/train/en//dolma-c4_0009.jsonl,/data/llm-jp-corpus/v3.0.0/training_resharded_tokenize_ver2.2_code20K_en40K_ja60K.ver2.2_SentencePieceTokenizer/train/en/dolma-c4_0009.jsonl_text_document,14890587980
/data/llm-jp-corpus/v3.0.0/training_resharded/train/en//dolma-c4_0010.jsonl,/data/llm-jp-corpus/v3.0.0/training_resharded_tokenize_ver2.2_code20K_en40K_ja60K.ver2.2_SentencePieceTokenizer/train/en/dolma-c4_0010.jsonl_text_document,13106039727
/data/llm-jp-corpus/v3.0.0/training_resharded/train/en//dolma-cc-head_0000.jsonl,/data/llm-jp-corpus/v3.0.0/training_resharded_tokenize_ver2.2_code20K_en40K_ja60K.ver2.2_SentencePieceTokenizer/train/en/dolma-cc-head_0000.jsonl_text_document,15335837389
/data/llm-jp-corpus/v3.0.0/training_resharded/train/en//dolma-cc-head_0001.jsonl,/data/llm-jp-corpus/v3.0.0/training_resharded_tokenize_ver2.2_code20K_en40K_ja60K.ver2.2_SentencePieceTokenizer/train/en/dolma-cc-head_0001.jsonl_text_document,15629029767
/data/llm-jp-corpus/v3.0.0/training_resharded/train/en//dolma-cc-head_0002.jsonl,/data/llm-jp-corpus/v3.0.0/training_resharded_tokenize_ver2.2_code20K_en40K_ja60K.ver2.2_SentencePieceTokenizer/train/en/dolma-cc-head_0002.jsonl_text_document,16520214663
/data/llm-jp-corpus/v3.0.0/training_resharded/train/en//dolma-cc-head_0003.jsonl,/data/llm-jp-corpus/v3.0.0/training_resharded_tokenize_ver2.2_code20K_en40K_ja60K.ver2.2_SentencePieceTokenizer/train/en/dolma-cc-head_0003.jsonl_text_document,16721367973
/data/llm-jp-corpus/v3.0.0/training_resharded/train/en//dolma-cc-head_0004.jsonl,/data/llm-jp-corpus/v3.0.0/training_resharded_tokenize_ver2.2_code20K_en40K_ja60K.ver2.2_SentencePieceTokenizer/train/en/dolma-cc-head_0004.jsonl_text_document,17056515208
/data/llm-jp-corpus/v3.0.0/training_resharded/train/en//dolma-cc-head_0005.jsonl,/data/llm-jp-corpus/v3.0.0/training_resharded_tokenize_ver2.2_code20K_en40K_ja60K.ver2.2_SentencePieceTokenizer/train/en/dolma-cc-head_0005.jsonl_text_document,16217495044
/data/llm-jp-corpus/v3.0.0/training_resharded/train/en//dolma-cc-head_0006.jsonl,/data/llm-jp-corpus/v3.0.0/training_resharded_tokenize_ver2.2_code20K_en40K_ja60K.ver2.2_SentencePieceTokenizer/train/en/dolma-cc-head_0006.jsonl_text_document,15159765503
/data/llm-jp-corpus/v3.0.0/training_resharded/train/en//dolma-cc-head_0007.jsonl,/data/llm-jp-corpus/v3.0.0/training_resharded_tokenize_ver2.2_code20K_en40K_ja60K.ver2.2_SentencePieceTokenizer/train/en/dolma-cc-head_0007.jsonl_text_document,15621536832
/data/llm-jp-corpus/v3.0.0/training_resharded/train/en//dolma-cc-head_0008.jsonl,/data/llm-jp-corpus/v3.0.0/training_resharded_tokenize_ver2.2_code20K_en40K_ja60K.ver2.2_SentencePieceTokenizer/train/en/dolma-cc-head_0008.jsonl_text_document,13373567491
/data/llm-jp-corpus/v3.0.0/training_resharded/train/en//dolma-cc-head_0009.jsonl,/data/llm-jp-corpus/v3.0.0/training_resharded_tokenize_ver2.2_code20K_en40K_ja60K.ver2.2_SentencePieceTokenizer/train/en/dolma-cc-head_0009.jsonl_text_document,12459920688
/data/llm-jp-corpus/v3.0.0/training_resharded/train/en//dolma-cc-head_0010.jsonl,/data/llm-jp-corpus/v3.0.0/training_resharded_tokenize_ver2.2_code20K_en40K_ja60K.ver2.2_SentencePieceTokenizer/train/en/dolma-cc-head_0010.jsonl_text_document,14091760406
/data/llm-jp-corpus/v3.0.0/training_resharded/train/en//dolma-cc-head_0011.jsonl,/data/llm-jp-corpus/v3.0.0/training_resharded_tokenize_ver2.2_code20K_en40K_ja60K.ver2.2_SentencePieceTokenizer/train/en/dolma-cc-head_0011.jsonl_text_document,18310062572
/data/llm-jp-corpus/v3.0.0/training_resharded/train/en//dolma-cc-head_0012.jsonl,/data/llm-jp-corpus/v3.0.0/training_resharded_tokenize_ver2.2_code20K_en40K_ja60K.ver2.2_SentencePieceTokenizer/train/en/dolma-cc-head_0012.jsonl_text_document,18223566138
/data/llm-jp-corpus/v3.0.0/training_resharded/train/en//dolma-cc-head_0013.jsonl,/data/llm-jp-corpus/v3.0.0/training_resharded_tokenize_ver2.2_code20K_en40K_ja60K.ver2.2_SentencePieceTokenizer/train/en/dolma-cc-head_0013.jsonl_text_document,16158956961
/data/llm-jp-corpus/v3.0.0/training_resharded/train/en//dolma-cc-head_0014.jsonl,/data/llm-jp-corpus/v3.0.0/training_resharded_tokenize_ver2.2_code20K_en40K_ja60K.ver2.2_SentencePieceTokenizer/train/en/dolma-cc-head_0014.jsonl_text_document,15098182858
/data/llm-jp-corpus/v3.0.0/training_resharded/train/en//dolma-cc-head_0015.jsonl,/data/llm-jp-corpus/v3.0.0/training_resharded_tokenize_ver2.2_code20K_en40K_ja60K.ver2.2_SentencePieceTokenizer/train/en/dolma-cc-head_0015.jsonl_text_document,15487855974
/data/llm-jp-corpus/v3.0.0/training_resharded/train/en//dolma-cc-head_0016.jsonl,/data/llm-jp-corpus/v3.0.0/training_resharded_tokenize_ver2.2_code20K_en40K_ja60K.ver2.2_SentencePieceTokenizer/train/en/dolma-cc-head_0016.jsonl_text_document,16245656869
/data/llm-jp-corpus/v3.0.0/training_resharded/train/en//dolma-cc-head_0017.jsonl,/data/llm-jp-corpus/v3.0.0/training_resharded_tokenize_ver2.2_code20K_en40K_ja60K.ver2.2_SentencePieceTokenizer/train/en/dolma-cc-head_0017.jsonl_text_document,19445942608
/data/llm-jp-corpus/v3.0.0/training_resharded/train/en//dolma-cc-head_0018.jsonl,/data/llm-jp-corpus/v3.0.0/training_resharded_tokenize_ver2.2_code20K_en40K_ja60K.ver2.2_SentencePieceTokenizer/train/en/dolma-cc-head_0018.jsonl_text_document,17683917608
/data/llm-jp-corpus/v3.0.0/training_resharded/train/en//dolma-cc-head_0019.jsonl,/data/llm-jp-corpus/v3.0.0/training_resharded_tokenize_ver2.2_code20K_en40K_ja60K.ver2.2_SentencePieceTokenizer/train/en/dolma-cc-head_0019.jsonl_text_document,17857420868
/data/llm-jp-corpus/v3.0.0/training_resharded/train/en//dolma-cc-head_0020.jsonl,/data/llm-jp-corpus/v3.0.0/training_resharded_tokenize_ver2.2_code20K_en40K_ja60K.ver2.2_SentencePieceTokenizer/train/en/dolma-cc-head_0020.jsonl_text_document,19028440073
/data/llm-jp-corpus/v3.0.0/training_resharded/train/en//dolma-cc-head_0021.jsonl,/data/llm-jp-corpus/v3.0.0/training_resharded_tokenize_ver2.2_code20K_en40K_ja60K.ver2.2_SentencePieceTokenizer/train/en/dolma-cc-head_0021.jsonl_text_document,16727770481
/data/llm-jp-corpus/v3.0.0/training_resharded/train/en//dolma-cc-head_0022.jsonl,/data/llm-jp-corpus/v3.0.0/training_resharded_tokenize_ver2.2_code20K_en40K_ja60K.ver2.2_SentencePieceTokenizer/train/en/dolma-cc-head_0022.jsonl_text_document,15517111591
/data/llm-jp-corpus/v3.0.0/training_resharded/train/en//dolma-cc-head_0023.jsonl,/data/llm-jp-corpus/v3.0.0/training_resharded_tokenize_ver2.2_code20K_en40K_ja60K.ver2.2_SentencePieceTokenizer/train/en/dolma-cc-head_0023.jsonl_text_document,14900789529
/data/llm-jp-corpus/v3.0.0/training_resharded/train/en//dolma-cc-head_0024.jsonl,/data/llm-jp-corpus/v3.0.0/training_resharded_tokenize_ver2.2_code20K_en40K_ja60K.ver2.2_SentencePieceTokenizer/train/en/dolma-cc-head_0024.jsonl_text_document,19864666493
/data/llm-jp-corpus/v3.0.0/training_resharded/train/en//dolma-cc-head_0025.jsonl,/data/llm-jp-corpus/v3.0.0/training_resharded_tokenize_ver2.2_code20K_en40K_ja60K.ver2.2_SentencePieceTokenizer/train/en/dolma-cc-head_0025.jsonl_text_document,19140519781
/data/llm-jp-corpus/v3.0.0/training_resharded/train/en//dolma-cc-head_0026.jsonl,/data/llm-jp-corpus/v3.0.0/training_resharded_tokenize_ver2.2_code20K_en40K_ja60K.ver2.2_SentencePieceTokenizer/train/en/dolma-cc-head_0026.jsonl_text_document,17682052467
/data/llm-jp-corpus/v3.0.0/training_resharded/train/en//dolma-cc-head_0027.jsonl,/data/llm-jp-corpus/v3.0.0/training_resharded_tokenize_ver2.2_code20K_en40K_ja60K.ver2.2_SentencePieceTokenizer/train/en/dolma-cc-head_0027.jsonl_text_document,18543591769
/data/llm-jp-corpus/v3.0.0/training_resharded/train/en//dolma-cc-head_0028.jsonl,/data/llm-jp-corpus/v3.0.0/training_resharded_tokenize_ver2.2_code20K_en40K_ja60K.ver2.2_SentencePieceTokenizer/train/en/dolma-cc-head_0028.jsonl_text_document,18295799646
/data/llm-jp-corpus/v3.0.0/training_resharded/train/en//dolma-cc-head_0029.jsonl,/data/llm-jp-corpus/v3.0.0/training_resharded_tokenize_ver2.2_code20K_en40K_ja60K.ver2.2_SentencePieceTokenizer/train/en/dolma-cc-head_0029.jsonl_text_document,19007842212
/data/llm-jp-corpus/v3.0.0/training_resharded/train/en//dolma-cc-head_0030.jsonl,/data/llm-jp-corpus/v3.0.0/training_resharded_tokenize_ver2.2_code20K_en40K_ja60K.ver2.2_SentencePieceTokenizer/train/en/dolma-cc-head_0030.jsonl_text_document,19424442201
/data/llm-jp-corpus/v3.0.0/training_resharded/train/en//dolma-cc-head_0031.jsonl,/data/llm-jp-corpus/v3.0.0/training_resharded_tokenize_ver2.2_code20K_en40K_ja60K.ver2.2_SentencePieceTokenizer/train/en/dolma-cc-head_0031.jsonl_text_document,15341597977
/data/llm-jp-corpus/v3.0.0/training_resharded/train/en//dolma-cc-head_0032.jsonl,/data/llm-jp-corpus/v3.0.0/training_resharded_tokenize_ver2.2_code20K_en40K_ja60K.ver2.2_SentencePieceTokenizer/train/en/dolma-cc-head_0032.jsonl_text_document,16820319421
/data/llm-jp-corpus/v3.0.0/training_resharded/train/en//dolma-cc-head_0033.jsonl,/data/llm-jp-corpus/v3.0.0/training_resharded_tokenize_ver2.2_code20K_en40K_ja60K.ver2.2_SentencePieceTokenizer/train/en/dolma-cc-head_0033.jsonl_text_document,16594752904
/data/llm-jp-corpus/v3.0.0/training_resharded/train/en//dolma-cc-head_0034.jsonl,/data/llm-jp-corpus/v3.0.0/training_resharded_tokenize_ver2.2_code20K_en40K_ja60K.ver2.2_SentencePieceTokenizer/train/en/dolma-cc-head_0034.jsonl_text_document,16226524527
/data/llm-jp-corpus/v3.0.0/training_resharded/train/en//dolma-cc-head_0035.jsonl,/data/llm-jp-corpus/v3.0.0/training_resharded_tokenize_ver2.2_code20K_en40K_ja60K.ver2.2_SentencePieceTokenizer/train/en/dolma-cc-head_0035.jsonl_text_document,18164301726
/data/llm-jp-corpus/v3.0.0/training_resharded/train/en//dolma-pes2o_0000.jsonl,/data/llm-jp-corpus/v3.0.0/training_resharded_tokenize_ver2.2_code20K_en40K_ja60K.ver2.2_SentencePieceTokenizer/train/en/dolma-pes2o_0000.jsonl_text_document,7631197664
/data/llm-jp-corpus/v3.0.0/training_resharded/train/en//dolma-pes2o_0001.jsonl,/data/llm-jp-corpus/v3.0.0/training_resharded_tokenize_ver2.2_code20K_en40K_ja60K.ver2.2_SentencePieceTokenizer/train/en/dolma-pes2o_0001.jsonl_text_document,19932146204
/data/llm-jp-corpus/v3.0.0/training_resharded/train/en//dolma-pes2o_0002.jsonl,/data/llm-jp-corpus/v3.0.0/training_resharded_tokenize_ver2.2_code20K_en40K_ja60K.ver2.2_SentencePieceTokenizer/train/en/dolma-pes2o_0002.jsonl_text_document,18432126726
/data/llm-jp-corpus/v3.0.0/training_resharded/train/en//dolma-pes2o_0003.jsonl,/data/llm-jp-corpus/v3.0.0/training_resharded_tokenize_ver2.2_code20K_en40K_ja60K.ver2.2_SentencePieceTokenizer/train/en/dolma-pes2o_0003.jsonl_text_document,15794015512
/data/llm-jp-corpus/v3.0.0/training_resharded/train/en//dolma-reddit_0000.jsonl,/data/llm-jp-corpus/v3.0.0/training_resharded_tokenize_ver2.2_code20K_en40K_ja60K.ver2.2_SentencePieceTokenizer/train/en/dolma-reddit_0000.jsonl_text_document,17497113046
/data/llm-jp-corpus/v3.0.0/training_resharded/train/en//dolma-reddit_0001.jsonl,/data/llm-jp-corpus/v3.0.0/training_resharded_tokenize_ver2.2_code20K_en40K_ja60K.ver2.2_SentencePieceTokenizer/train/en/dolma-reddit_0001.jsonl_text_document,17400808663
/data/llm-jp-corpus/v3.0.0/training_resharded/train/en//dolma-reddit_0002.jsonl,/data/llm-jp-corpus/v3.0.0/training_resharded_tokenize_ver2.2_code20K_en40K_ja60K.ver2.2_SentencePieceTokenizer/train/en/dolma-reddit_0002.jsonl_text_document,17178569725
/data/llm-jp-corpus/v3.0.0/training_resharded/train/en//dolma-reddit_0003.jsonl,/data/llm-jp-corpus/v3.0.0/training_resharded_tokenize_ver2.2_code20K_en40K_ja60K.ver2.2_SentencePieceTokenizer/train/en/dolma-reddit_0003.jsonl_text_document,15883784878
/data/llm-jp-corpus/v3.0.0/training_resharded/train/en//dolma-reddit_0004.jsonl,/data/llm-jp-corpus/v3.0.0/training_resharded_tokenize_ver2.2_code20K_en40K_ja60K.ver2.2_SentencePieceTokenizer/train/en/dolma-reddit_0004.jsonl_text_document,15571841980
/data/llm-jp-corpus/v3.0.0/training_resharded/train/en//dolma-wiki_0000.jsonl,/data/llm-jp-corpus/v3.0.0/training_resharded_tokenize_ver2.2_code20K_en40K_ja60K.ver2.2_SentencePieceTokenizer/train/en/dolma-wiki_0000.jsonl_text_document,3903131843
/data/llm-jp-corpus/v3.0.0/training_resharded/train/en//wiki_0000.jsonl,/data/llm-jp-corpus/v3.0.0/training_resharded_tokenize_ver2.2_code20K_en40K_ja60K.ver2.2_SentencePieceTokenizer/train/en/wiki_0000.jsonl_text_document,4792582985
